customer_id,recency,frequency,monetary,r_score,f_score,m_score,rfm_score,segment
C0851,14,35,203570.63,3,4,4,344,High-Value
C0091,9,29,174696.45,3,4,4,344,High-Value
C0683,10,27,166452.17,3,4,4,344,High-Value
C0206,3,28,162547.56,4,4,4,444,High-Value
C0876,2,30,161392.51,4,4,4,444,High-Value
C0295,11,30,159727.22,3,4,4,344,High-Value
C1110,8,28,159454.71,3,4,4,344,High-Value
C0947,1,30,157987.87,4,4,4,444,High-Value
C0857,4,25,156815.7,4,4,4,444,High-Value
C1162,13,28,156250.18,3,4,4,344,High-Value
C0153,0,28,155107.22,4,4,4,444,High-Value
C0203,10,25,151727.44,3,4,4,344,High-Value
C0176,7,27,150886.15,4,4,4,444,High-Value
C0129,39,26,149825.38,2,4,4,244,Low-Engagement
C0860,1,27,149650.8,4,4,4,444,High-Value
C0605,6,24,148592.02,4,4,4,444,High-Value
C0558,19,25,148057.44,3,4,4,344,High-Value
C0563,6,30,147055.91,4,4,4,444,High-Value
C0435,19,26,147005.78,3,4,4,344,High-Value
C1101,2,28,145366.22,4,4,4,444,High-Value
C0238,0,22,144650.17,4,4,4,444,High-Value
C0165,6,25,143989.05,4,4,4,444,High-Value
C1157,6,26,143156.68,4,4,4,444,High-Value
C0765,6,25,142840.45,4,4,4,444,High-Value
C0822,0,27,142435.8,4,4,4,444,High-Value
C0802,1,24,142260.47,4,4,4,444,High-Value
C0958,11,28,142085.9,3,4,4,344,High-Value
C0727,25,24,140596.04,2,4,4,244,Low-Engagement
C0900,10,27,140486.05,3,4,4,344,High-Value
C0180,29,25,139530.66,2,4,4,244,Low-Engagement
C0520,6,24,137941.16,4,4,4,444,High-Value
C0931,11,23,137545.4,3,4,4,344,High-Value
C0209,18,25,137413.51,3,4,4,344,High-Value
C0263,3,24,137370.1,4,4,4,444,High-Value
C0336,2,25,137204.62,4,4,4,444,High-Value
C0961,5,25,136413.51,4,4,4,444,High-Value
C1050,9,24,136293.87,3,4,4,344,High-Value
C0645,41,24,135761.59,2,4,4,244,Low-Engagement
C0133,4,25,135500.69,4,4,4,444,High-Value
C1068,28,28,134720.63,2,4,4,244,Low-Engagement
C0038,10,24,134430.09,3,4,4,344,High-Value
C0604,2,25,134389.54,4,4,4,444,High-Value
C0255,3,24,134072.31,4,4,4,444,High-Value
C1195,26,22,133672.55,2,4,4,244,Low-Engagement
C0057,0,26,133414.48,4,4,4,444,High-Value
C0007,18,22,132697.81,3,4,4,344,High-Value
C0886,7,24,131353.85,4,4,4,444,High-Value
C0286,0,26,131072.91,4,4,4,444,High-Value
C0601,5,26,130894.26,4,4,4,444,High-Value
C0099,1,23,130052.79,4,4,4,444,High-Value
C0598,4,23,129724.7,4,4,4,444,High-Value
C0557,9,25,129517.35,3,4,4,344,High-Value
C0704,1,23,128966.22,4,4,4,444,High-Value
C0651,5,26,128773.39,4,4,4,444,High-Value
C0889,5,26,127742.7,4,4,4,444,High-Value
C0005,3,21,127498.73,4,4,4,444,High-Value
C0292,0,24,126684.09,4,4,4,444,High-Value
C1188,29,23,126312.31,2,4,4,244,Low-Engagement
C0373,2,24,125760.37,4,4,4,444,High-Value
C0370,0,22,125437.52,4,4,4,444,High-Value
C0011,39,23,124875.83,2,4,4,244,Low-Engagement
C0101,1,23,124525.08,4,4,4,444,High-Value
C0723,15,23,124309.67,3,4,4,344,High-Value
C0813,2,25,124260.3,4,4,4,444,High-Value
C0473,18,25,123998.61,3,4,4,344,High-Value
C0401,15,22,123076.02,3,4,4,344,High-Value
C0589,9,19,122648.81,3,4,4,344,High-Value
C0357,34,21,122496.38,2,4,4,244,Low-Engagement
C0460,0,24,122296.32,4,4,4,444,High-Value
C0388,5,21,122020.44,4,4,4,444,High-Value
C0210,30,21,121785.93,2,4,4,244,Low-Engagement
C0318,19,22,121356.32,3,4,4,344,High-Value
C0078,2,22,120312.03,4,4,4,444,High-Value
C0600,11,20,119954.66,3,4,4,344,High-Value
C0833,13,20,119843.82,3,4,4,344,High-Value
C0084,0,23,119642.44,4,4,4,444,High-Value
C0516,50,21,119510.85,1,4,4,144,Low-Engagement
C1200,8,22,118259.96,3,4,4,344,High-Value
C0112,14,21,118133.44,3,4,4,344,High-Value
C0073,17,20,117895.19,3,4,4,344,High-Value
C0771,11,21,117658.9,3,4,4,344,High-Value
C0611,18,19,117454.23,3,4,4,344,High-Value
C1048,1,21,117444.61,4,4,4,444,High-Value
C0547,28,25,117320.63,2,4,4,244,Low-Engagement
C0260,42,21,116060.54,2,4,4,244,Low-Engagement
C0059,13,19,115676.96,3,4,4,344,High-Value
C0124,43,23,115551.06,2,4,4,244,Low-Engagement
C0410,34,21,115038.32,2,4,4,244,Low-Engagement
C0441,11,19,114931.18,3,4,4,344,High-Value
C0666,1,20,114887.94,4,4,4,444,High-Value
C0776,1,24,114610.36,4,4,4,444,High-Value
C0408,1,24,114370.88,4,4,4,444,High-Value
C0498,6,19,113753.81,4,4,4,444,High-Value
C0372,4,20,113523.25,4,4,4,444,High-Value
C0291,4,17,113449.8,4,4,4,444,High-Value
C0487,31,22,113243.07,2,4,4,244,Low-Engagement
C0425,6,21,112557.57,4,4,4,444,High-Value
C0354,25,20,112541.33,2,4,4,244,Low-Engagement
C0032,16,19,112386.07,3,4,4,344,High-Value
C0920,38,19,111692.27,2,4,4,244,Low-Engagement
C0705,4,19,110862.79,4,4,4,444,High-Value
C1082,10,23,110510.12,3,4,4,344,High-Value
C0440,2,21,110422.91,4,4,4,444,High-Value
C1073,0,19,110125.01,4,4,4,444,High-Value
C0673,15,22,109576.89,3,4,4,344,High-Value
C0773,15,21,109456.9,3,4,4,344,High-Value
C1020,16,21,109352.23,3,4,4,344,High-Value
C1185,19,20,109229.38,3,4,4,344,High-Value
C0069,1,18,109034.97,4,4,4,444,High-Value
C0587,4,19,108462.89,4,4,4,444,High-Value
C0939,10,21,108303.64,3,4,4,344,High-Value
C0656,16,19,108161.47,3,4,4,344,High-Value
C0506,6,18,107695.81,4,4,4,444,High-Value
C1074,29,20,107567.76,2,4,4,244,Low-Engagement
C0617,5,20,107537.02,4,4,4,444,High-Value
C1106,2,17,106825.05,4,4,4,444,High-Value
C0378,58,19,106658.51,1,4,4,144,Low-Engagement
C1039,13,19,106372.84,3,4,4,344,High-Value
C0959,4,19,106264.89,4,4,4,444,High-Value
C0795,8,19,105317.78,3,4,4,344,High-Value
C0381,36,17,105313.55,2,4,4,244,Low-Engagement
C0937,21,20,104968.21,2,4,4,244,Low-Engagement
C0883,3,19,104792.79,4,4,4,444,High-Value
C0431,28,19,104722.03,2,4,4,244,Low-Engagement
C1127,2,20,104576.3,4,4,4,444,High-Value
C0319,15,20,104318.44,3,4,4,344,High-Value
C0100,0,19,104209.94,4,4,4,444,High-Value
C0312,69,18,103863.21,1,4,4,144,Low-Engagement
C0110,7,20,103809.38,4,4,4,444,High-Value
C0641,34,21,103269.63,2,4,4,244,Low-Engagement
C0301,3,17,103265.44,4,4,4,444,High-Value
C0810,0,20,103257.88,4,4,4,444,High-Value
C0791,17,21,102945.55,3,4,4,344,High-Value
C0202,13,18,102896.52,3,4,4,344,High-Value
C0529,5,19,102670.98,4,4,4,444,High-Value
C0875,9,18,102565.24,3,4,4,344,High-Value
C0067,7,19,102281.67,4,4,4,444,High-Value
C0477,1,22,101687.09,4,4,4,444,High-Value
C0899,3,17,101052.38,4,4,4,444,High-Value
C0761,11,20,100789.47,3,4,4,344,High-Value
C0847,25,20,100469.45,2,4,4,244,Low-Engagement
C0702,57,16,100113.19,1,3,4,134,Low-Engagement
C1165,7,19,99784.69,4,4,4,444,High-Value
C0223,5,19,98897.16,4,4,4,444,High-Value
C1133,48,16,98646.59,1,3,4,134,Low-Engagement
C0333,13,18,98226.19,3,4,4,344,High-Value
C0455,0,19,97240.13,4,4,4,444,High-Value
C0841,9,18,97182.23,3,4,4,344,High-Value
C0355,8,18,96962.07,3,4,4,344,High-Value
C0006,3,19,96624.35,4,4,4,444,High-Value
C0348,8,17,96548.89,3,4,4,344,High-Value
C0343,8,18,96513.95,3,4,4,344,High-Value
C0590,8,17,96232.82,3,4,4,344,High-Value
C0334,18,19,96109.7,3,4,4,344,High-Value
C0629,9,17,95966.48,3,4,4,344,High-Value
C0430,46,17,95952.15,1,4,4,144,Low-Engagement
C0540,2,18,95514.99,4,4,4,444,High-Value
C0335,14,15,95110.26,3,3,4,334,High-Value
C0946,21,19,94906.2,2,4,4,244,Low-Engagement
C0635,38,16,94637.87,2,3,4,234,Low-Engagement
C1088,33,18,94573.1,2,4,4,244,Low-Engagement
C0450,1,18,94328.45,4,4,4,444,High-Value
C0668,7,17,93376.84,4,4,4,444,High-Value
C0284,19,17,93287.53,3,4,4,344,High-Value
C0867,15,16,93271.12,3,3,4,334,High-Value
C0755,7,16,92827.13,4,3,4,434,High-Value
C0043,16,19,92809.46,3,4,4,344,High-Value
C0172,32,19,92790.67,2,4,4,244,Low-Engagement
C1014,11,16,92634.52,3,3,4,334,High-Value
C1136,5,17,92318.78,4,4,4,444,High-Value
C0182,0,17,92077.87,4,4,4,444,High-Value
C0371,21,15,91733.46,2,3,4,234,Low-Engagement
C0423,0,19,91682.19,4,4,4,444,High-Value
C0975,0,17,91218.5,4,4,4,444,High-Value
C0983,0,17,91137.87,4,4,4,444,High-Value
C0834,12,14,90098.39,3,3,4,334,High-Value
C0731,2,16,89887.87,4,3,4,434,High-Value
C0998,3,17,89679.64,4,4,4,444,High-Value
C0375,1,14,89641.79,4,3,4,434,High-Value
C0819,24,16,88877.6,2,3,4,234,Low-Engagement
C0699,80,16,88558.01,1,3,4,134,Low-Engagement
C1034,28,13,87743.15,2,3,4,234,Low-Engagement
C0515,2,16,86849.63,4,3,4,434,High-Value
C0695,1,18,86809.48,4,4,4,444,High-Value
C0461,12,16,85793.2,3,3,4,334,High-Value
C1031,16,16,85102.2,3,3,4,334,High-Value
C0240,2,18,84873.92,4,4,4,444,High-Value
C0845,7,17,84671.59,4,4,4,444,High-Value
C1117,16,15,84639.57,3,3,4,334,High-Value
C0719,3,16,84567.7,4,3,4,434,High-Value
C1160,34,15,84297.26,2,3,4,234,Low-Engagement
C0149,22,15,84282.89,2,3,4,234,Low-Engagement
C0926,2,17,84281.73,4,4,4,444,High-Value
C0984,28,15,83882.58,2,3,4,234,Low-Engagement
C0191,15,17,83668.65,3,4,4,344,High-Value
C0146,2,16,83609.22,4,3,4,434,High-Value
C0730,6,17,82662.89,4,4,4,444,High-Value
C0437,1,18,81230.26,4,4,4,444,High-Value
C0300,4,15,81169.61,4,3,4,434,High-Value
C0459,25,16,80922.52,2,3,4,234,Low-Engagement
C0996,14,15,80395.29,3,3,4,334,High-Value
C0614,20,16,80211.71,3,3,4,334,High-Value
C0471,5,15,80170.37,4,3,4,434,High-Value
C0677,21,15,80151.07,2,3,4,234,Low-Engagement
C1169,37,13,80054.31,2,3,4,234,Low-Engagement
C0978,32,13,79521.78,2,3,4,234,Low-Engagement
C0169,19,14,79446.08,3,3,4,334,High-Value
C0591,21,15,79398.81,2,3,4,234,Low-Engagement
C0577,1,13,78897.38,4,3,4,434,High-Value
C0245,22,16,78800.64,2,3,4,234,Low-Engagement
C0207,0,15,78714.46,4,3,4,434,High-Value
C0564,27,12,78649.24,2,3,4,234,Low-Engagement
C0879,6,14,78360.73,4,3,4,434,High-Value
C0843,19,13,77982.62,3,3,4,334,High-Value
C0935,30,14,76470.5,2,3,4,234,Low-Engagement
C0033,12,13,75116.95,3,3,4,334,High-Value
C0022,13,17,75091.72,3,4,4,344,High-Value
C0953,14,14,74934.88,3,3,4,334,High-Value
C0080,13,16,74211.29,3,3,4,334,High-Value
C0344,12,24,73833.11,3,4,4,344,High-Value
C1107,20,23,72507.9,3,4,4,344,High-Value
C0313,13,14,72503.19,3,3,4,334,High-Value
C0603,8,12,71975.47,3,3,4,334,High-Value
C1191,4,15,71412.5,4,3,4,434,High-Value
C1178,9,12,70053.85,3,3,4,334,High-Value
C0751,8,14,69628.25,3,3,4,334,High-Value
C0030,2,15,69010.07,4,3,4,434,High-Value
C0496,4,22,68650.9,4,4,4,444,High-Value
C1058,15,25,68213.47,3,4,4,344,High-Value
C0820,14,22,68126.13,3,4,4,344,High-Value
C0650,4,20,68113.5,4,4,4,444,High-Value
C0884,21,13,67857.9,2,3,4,234,Low-Engagement
C0588,12,12,67578.8,3,3,4,334,High-Value
C0665,22,11,67433.42,2,2,4,224,Low-Engagement
C1120,44,12,66747.39,1,3,4,134,Low-Engagement
C1096,6,11,66019.86,4,2,4,424,Repeat
C0340,7,14,65734.99,4,3,4,434,High-Value
C0434,17,12,65234.11,3,3,4,334,High-Value
C0630,0,23,65005.69,4,4,4,444,High-Value
C0145,4,21,64445.06,4,4,4,444,High-Value
C1029,8,23,64291.66,3,4,4,344,High-Value
C0640,8,24,64116.7,3,4,4,344,High-Value
C0443,10,22,63567.96,3,4,4,344,High-Value
C1090,1,22,63325.13,4,4,4,444,High-Value
C0226,1,24,62309.04,4,4,4,444,High-Value
C0735,5,20,62244.32,4,4,4,444,High-Value
C0976,26,21,61985.18,2,4,4,244,Low-Engagement
C1035,1,12,61873.96,4,3,4,434,High-Value
C0890,3,19,61490.69,4,4,4,444,High-Value
C0090,2,19,61442.4,4,4,4,444,High-Value
C1070,19,20,61274.94,3,4,4,344,High-Value
C0579,24,17,60042.61,2,4,4,244,Low-Engagement
C0376,0,17,59989.59,4,4,4,444,High-Value
C0512,0,18,59580.96,4,4,4,444,High-Value
C0903,19,18,59515.38,3,4,4,344,High-Value
C0627,3,20,59402.29,4,4,4,444,High-Value
C0697,9,18,59235.26,3,4,4,344,High-Value
C0618,3,20,59069.07,4,4,4,444,High-Value
C0562,16,21,59011.82,3,4,4,344,High-Value
C0838,24,20,58942.72,2,4,4,244,Low-Engagement
C1174,7,18,58930.55,4,4,4,444,High-Value
C0993,0,20,58720.86,4,4,4,444,High-Value
C0142,4,20,58720.85,4,4,4,444,High-Value
C0072,21,21,58449.56,2,4,4,244,Low-Engagement
C0713,7,20,58252.82,4,4,4,444,High-Value
C0106,48,17,58014.79,1,4,4,144,Low-Engagement
C0235,28,20,57886.1,2,4,4,244,Low-Engagement
C0742,2,16,57831.83,4,3,4,434,High-Value
C0156,24,21,57598.37,2,4,4,244,Low-Engagement
C0168,0,21,57597.51,4,4,4,444,High-Value
C0019,1,21,57315.36,4,4,4,444,High-Value
C1009,1,20,56737.97,4,4,4,444,High-Value
C0225,23,22,56515.79,2,4,4,244,Low-Engagement
C0247,20,17,56497.84,3,4,4,344,High-Value
C0655,8,20,55944.99,3,4,4,344,High-Value
C0729,2,21,55911.31,4,4,4,444,High-Value
C0874,45,17,55859.42,1,4,4,144,Low-Engagement
C0538,4,20,55843.15,4,4,4,444,High-Value
C0963,0,19,55607.64,4,4,4,444,High-Value
C0469,5,21,55375.24,4,4,4,444,High-Value
C1010,5,19,55364.5,4,4,4,444,High-Value
C0001,8,21,55248.24,3,4,4,344,High-Value
C0917,7,19,55213.54,4,4,4,444,High-Value
C0864,3,18,55052.9,4,4,4,444,High-Value
C1065,5,19,55009.85,4,4,4,444,High-Value
C0216,5,23,54944.3,4,4,4,444,High-Value
C0416,36,20,54924.7,2,4,4,244,Low-Engagement
C0979,36,16,54559.16,2,3,4,234,Low-Engagement
C0174,9,19,54227.58,3,4,4,344,High-Value
C0111,6,18,54050.04,4,4,4,444,High-Value
C0196,3,16,54017.25,4,3,4,434,High-Value
C0398,38,19,53888.65,2,4,4,244,Low-Engagement
C0411,3,17,53624.34,4,4,4,444,High-Value
C0429,58,15,53507.99,1,3,4,134,Low-Engagement
C0986,0,17,53487.57,4,4,4,444,High-Value
C0181,1,19,53438.68,4,4,4,444,High-Value
C0916,11,18,53387.07,3,4,4,344,High-Value
C0214,12,16,53288.01,3,3,4,334,High-Value
C1086,20,16,53015.65,3,3,4,334,High-Value
C0341,20,18,52830.35,3,4,4,344,High-Value
C1056,17,21,52548.8,3,4,3,343,High-Value
C0041,31,11,52384.59,2,2,3,223,Low-Engagement
C0737,1,16,52314.11,4,3,3,433,High-Value
C0143,14,18,52146.81,3,4,3,343,High-Value
C1128,4,19,51805.8,4,4,3,443,High-Value
C1112,2,16,51470.3,4,3,3,433,High-Value
C0023,1,16,51442.72,4,3,3,433,High-Value
C0682,12,18,51297.42,3,4,3,343,High-Value
C0688,3,16,50812.25,4,3,3,433,High-Value
C0085,10,15,50703.03,3,3,3,333,High-Value
C0494,18,17,50428.69,3,4,3,343,High-Value
C0342,0,20,50114.68,4,4,3,443,High-Value
C0320,10,15,50066.88,3,3,3,333,High-Value
C0763,27,16,50014.26,2,4,3,243,Low-Engagement
C0623,24,18,49857.79,2,4,3,243,Low-Engagement
C0769,6,17,49561.98,4,4,3,443,High-Value
C0581,8,15,49509.46,3,3,3,333,High-Value
C1193,19,16,49325.38,3,4,3,343,High-Value
C0287,4,17,49111.6,4,4,3,443,High-Value
C0568,61,15,49111.56,1,3,3,133,Low-Engagement
C0831,11,18,48909.55,3,4,3,343,High-Value
C1011,24,19,48873.42,2,4,3,243,Low-Engagement
C0586,77,15,48673.53,1,3,3,133,Low-Engagement
C0785,19,16,48277.64,3,4,3,343,High-Value
C1182,9,21,48121.73,3,4,3,343,High-Value
C0254,7,17,47820.71,4,4,3,443,High-Value
C0602,21,17,47695.96,2,4,3,243,Low-Engagement
C0395,8,16,47661.73,3,4,3,343,High-Value
C0714,0,15,47588.13,4,3,3,433,High-Value
C0228,17,15,47554.73,3,3,3,333,High-Value
C0139,8,16,47025.19,3,4,3,343,High-Value
C0909,24,18,47004.87,2,4,3,243,Low-Engagement
C0366,13,15,46810.19,3,3,3,333,High-Value
C0968,37,17,46743.29,2,4,3,243,Low-Engagement
C0722,11,17,46549.94,3,4,3,343,High-Value
C0136,45,16,46530.27,1,4,3,143,Low-Engagement
C1026,11,17,46439.38,3,4,3,343,High-Value
C0237,14,17,46414.86,3,4,3,343,High-Value
C0694,3,16,46316.47,4,4,3,443,High-Value
C0964,22,17,46315.85,2,4,3,243,Low-Engagement
C1037,6,17,46297.39,4,4,3,443,High-Value
C1071,3,18,45983.63,4,4,3,443,High-Value
C0956,9,15,45960.58,3,3,3,333,High-Value
C0118,3,18,45911.97,4,4,3,443,High-Value
C0329,10,17,45604.95,3,4,3,343,High-Value
C0444,4,15,45570.89,4,3,3,433,High-Value
C1047,19,15,45421.61,3,3,3,333,High-Value
C0014,34,16,45382.62,2,4,3,243,Low-Engagement
C0517,9,16,45166.31,3,4,3,343,High-Value
C0495,41,16,45147.77,2,4,3,243,Low-Engagement
C0709,19,14,45046.45,3,3,3,333,High-Value
C0349,10,13,44949.31,3,3,3,333,High-Value
C0251,1,18,44941.04,4,4,3,443,High-Value
C0556,2,14,44765.3,4,3,3,433,High-Value
C0642,7,15,44675.13,4,3,3,433,High-Value
C0132,10,16,44645.31,3,4,3,343,High-Value
C0872,4,16,44492.02,4,4,3,443,High-Value
C0015,34,17,44478.94,2,4,3,243,Low-Engagement
C0805,2,18,44377.23,4,4,3,443,High-Value
C0457,14,9,44368.58,3,2,3,323,Repeat
C0125,33,14,44354.1,2,3,3,233,Low-Engagement
C0195,22,16,44344.84,2,4,3,243,Low-Engagement
C0037,40,13,44194.35,2,3,3,233,Low-Engagement
C0669,0,18,44113.77,4,4,3,443,High-Value
C0027,19,14,44051.82,3,3,3,333,High-Value
C0079,11,15,43720.56,3,3,3,333,High-Value
C0407,5,17,43553.55,4,4,3,443,High-Value
C0671,78,10,43493.75,1,2,3,123,Low-Engagement
C0065,49,14,43320.26,1,3,3,133,Low-Engagement
C0910,4,14,43297.66,4,3,3,433,High-Value
C0522,31,16,43140.11,2,4,3,243,Low-Engagement
C1129,49,14,43099.58,1,3,3,133,Low-Engagement
C0016,37,15,43029.94,2,3,3,233,Low-Engagement
C0974,16,15,42947.23,3,3,3,333,High-Value
C0244,17,16,42803.42,3,4,3,343,High-Value
C1145,3,15,42608.82,4,3,3,433,High-Value
C1067,22,16,42600.84,2,4,3,243,Low-Engagement
C0908,21,12,42596.96,2,3,3,233,Low-Engagement
C0109,7,14,42568.75,4,3,3,433,High-Value
C0123,23,14,42517.76,2,3,3,233,Low-Engagement
C0762,2,15,42454.36,4,3,3,433,High-Value
C0311,25,18,42363.86,2,4,3,243,Low-Engagement
C0832,4,15,42107.43,4,3,3,433,High-Value
C0270,1,15,42008.64,4,3,3,433,High-Value
C0691,39,15,41999.92,2,3,3,233,Low-Engagement
C0159,19,15,41655.19,3,3,3,333,High-Value
C0827,0,13,41496.54,4,3,3,433,High-Value
C0017,1,14,41373.17,4,3,3,433,High-Value
C0527,24,15,41346.33,2,3,3,233,Low-Engagement
C0700,28,14,41252.44,2,3,3,233,Low-Engagement
C0901,7,17,41177.3,4,4,3,443,High-Value
C0086,18,16,41073.94,3,4,3,343,High-Value
C0740,18,14,41060.46,3,3,3,333,High-Value
C1072,9,14,41046.24,3,3,3,333,High-Value
C0083,45,15,41020.99,1,3,3,133,Low-Engagement
C0692,2,14,40965.9,4,3,3,433,High-Value
C1069,16,15,40937.69,3,3,3,333,High-Value
C0643,2,14,40926.31,4,3,3,433,High-Value
C0824,2,13,40877.82,4,3,3,433,High-Value
C0539,21,14,40797.41,2,3,3,233,Low-Engagement
C0103,48,14,40726.59,1,3,3,133,Low-Engagement
C0608,27,13,40725.08,2,3,3,233,Low-Engagement
C0418,25,15,40673.21,2,3,3,233,Low-Engagement
C0526,18,14,40623.25,3,3,3,333,High-Value
C0966,22,15,40468.37,2,3,3,233,Low-Engagement
C0546,18,16,40388.15,3,4,3,343,High-Value
C0144,23,16,40387.67,2,4,3,243,Low-Engagement
C0252,10,16,40370.45,3,4,3,343,High-Value
C0369,25,14,40196.19,2,3,3,233,Low-Engagement
C0667,1,15,40128.19,4,3,3,433,High-Value
C0989,2,14,40111.59,4,3,3,433,High-Value
C0224,9,14,40108.08,3,3,3,333,High-Value
C0897,2,14,39969.64,4,3,3,433,High-Value
C0427,6,16,39879.78,4,4,3,443,High-Value
C1043,12,15,39879.17,3,3,3,333,High-Value
C1017,26,13,39867.2,2,3,3,233,Low-Engagement
C0324,9,15,39859.63,3,3,3,333,High-Value
C0741,37,14,39833.1,2,3,3,233,Low-Engagement
C0269,36,14,39622.72,2,3,3,233,Low-Engagement
C0339,39,14,39599.47,2,3,3,233,Low-Engagement
C0707,10,16,39580.93,3,4,3,343,High-Value
C0573,18,15,39503.57,3,3,3,333,High-Value
C0234,11,15,39455.97,3,3,3,333,High-Value
C1059,38,12,39415.18,2,3,3,233,Low-Engagement
C0042,9,18,39411.02,3,4,3,343,High-Value
C0777,5,14,39383.27,4,3,3,433,High-Value
C0902,6,7,39341.0,4,1,3,413,Low-Engagement
C0405,16,16,39313.23,3,4,3,343,High-Value
C0449,5,15,39257.7,4,3,3,433,High-Value
C0855,25,14,39187.28,2,3,3,233,Low-Engagement
C0880,11,13,39167.92,3,3,3,333,High-Value
C0754,8,14,38998.01,3,3,3,333,High-Value
C0862,12,13,38736.42,3,3,3,333,High-Value
C0393,35,15,38635.55,2,3,3,233,Low-Engagement
C0823,5,13,38620.7,4,3,3,433,High-Value
C0190,30,13,38256.99,2,3,3,233,Low-Engagement
C0098,49,14,38243.75,1,3,3,133,Low-Engagement
C0392,20,12,37873.55,3,3,3,333,High-Value
C0894,19,14,37872.13,3,3,3,333,High-Value
C0981,0,12,37782.38,4,3,3,433,High-Value
C1097,20,13,37753.04,3,3,3,333,High-Value
C0658,8,13,37654.92,3,3,3,333,High-Value
C0670,7,14,37626.17,4,3,3,433,High-Value
C0830,30,13,37549.46,2,3,3,233,Low-Engagement
C0387,16,12,37547.94,3,3,3,333,High-Value
C0528,32,14,37536.07,2,3,3,233,Low-Engagement
C0045,0,16,37531.26,4,4,3,443,High-Value
C0624,8,12,37464.28,3,3,3,333,High-Value
C0152,33,13,37448.24,2,3,3,233,Low-Engagement
C0858,35,13,37310.62,2,3,3,233,Low-Engagement
C0638,20,14,37293.85,3,3,3,333,High-Value
C0062,8,12,37134.96,3,3,3,333,High-Value
C0922,2,12,37110.47,4,3,3,433,High-Value
C0061,12,16,37048.05,3,4,3,343,High-Value
C0047,16,13,36938.78,3,3,3,333,High-Value
C0828,38,14,36881.59,2,3,3,233,Low-Engagement
C0739,2,13,36679.66,4,3,3,433,High-Value
C0024,9,14,36661.11,3,3,3,333,High-Value
C0565,16,12,36473.06,3,3,3,333,High-Value
C0570,2,16,36404.58,4,4,3,443,High-Value
C0818,28,11,36085.95,2,2,3,223,Low-Engagement
C0040,70,13,35989.11,1,3,3,133,Low-Engagement
C0661,5,14,35988.44,4,3,3,433,High-Value
C0745,49,13,35954.1,1,3,3,133,Low-Engagement
C0377,14,17,35905.7,3,4,3,343,High-Value
C0458,14,12,35823.4,3,3,3,333,High-Value
C0131,3,13,35805.92,4,3,3,433,High-Value
C0308,8,13,35446.84,3,3,3,333,High-Value
C0747,10,12,35445.63,3,3,3,333,High-Value
C0363,18,13,35257.61,3,3,3,333,High-Value
C1119,10,14,34971.82,3,3,3,333,High-Value
C0178,10,14,34773.12,3,3,3,333,High-Value
C0626,18,13,34739.11,3,3,3,333,High-Value
C0715,33,13,34627.87,2,3,3,233,Low-Engagement
C0664,48,12,34484.03,1,3,3,133,Low-Engagement
C0945,4,13,34402.08,4,3,3,433,High-Value
C1095,1,13,34244.19,4,3,3,433,High-Value
C0621,5,11,34234.83,4,2,3,423,Repeat
C0058,23,11,34142.74,2,2,3,223,Low-Engagement
C0690,7,13,34066.48,4,3,3,433,High-Value
C0789,0,11,33984.58,4,2,3,423,Repeat
C1083,65,11,33812.38,1,2,3,123,Low-Engagement
C0988,11,13,33771.51,3,3,3,333,High-Value
C1040,17,13,33319.16,3,3,3,333,High-Value
C0424,7,11,33293.27,4,2,3,423,Repeat
C0114,22,17,33282.83,2,4,3,243,Low-Engagement
C1170,70,13,33165.67,1,3,3,133,Low-Engagement
C0936,20,14,33065.8,3,3,3,333,High-Value
C0639,10,11,32963.65,3,2,3,323,Repeat
C0593,9,12,32955.81,3,3,3,333,High-Value
C0509,32,15,32801.94,2,3,3,233,Low-Engagement
C1130,8,12,32560.74,3,3,3,333,High-Value
C0865,57,12,32399.04,1,3,3,133,Low-Engagement
C0930,4,11,32370.93,4,2,3,423,Repeat
C0053,8,17,32192.31,3,4,3,343,High-Value
C0836,4,10,32175.31,4,2,3,423,Repeat
C0310,0,10,32098.38,4,2,3,423,Repeat
C0204,4,15,32098.07,4,3,3,433,High-Value
C0868,29,13,32080.91,2,3,3,233,Low-Engagement
C0907,92,15,32075.03,1,3,3,133,Low-Engagement
C0126,7,11,32068.31,4,2,3,423,Repeat
C0134,17,11,31815.1,3,2,3,323,Repeat
C0503,21,12,31556.28,2,3,3,233,Low-Engagement
C0217,2,13,31515.3,4,3,3,433,High-Value
C0619,17,14,31341.45,3,3,3,333,High-Value
C0050,59,10,31320.68,1,2,3,123,Low-Engagement
C0491,3,12,31252.96,4,3,3,433,High-Value
C0543,35,12,31197.98,2,3,3,233,Low-Engagement
C0678,32,9,31144.88,2,2,3,223,Low-Engagement
C0298,31,10,31138.16,2,2,3,223,Low-Engagement
C0905,9,14,31098.61,3,3,3,333,High-Value
C0927,30,10,30859.0,2,2,3,223,Low-Engagement
C0361,7,10,30826.83,4,2,3,423,Repeat
C0622,22,12,30556.88,2,3,3,233,Low-Engagement
C1138,3,9,30504.33,4,2,3,423,Repeat
C0331,11,12,30465.49,3,3,3,333,High-Value
C0025,7,9,30402.95,4,2,3,423,Repeat
C1001,8,11,30391.93,3,2,3,323,Repeat
C0925,44,10,30096.63,1,2,3,123,Low-Engagement
C0096,33,9,30093.24,2,2,3,223,Low-Engagement
C0914,14,10,30074.86,3,2,3,323,Repeat
C0970,22,10,29912.8,2,2,3,223,Low-Engagement
C0283,1,12,29908.16,4,3,3,433,High-Value
C0580,35,12,29880.44,2,3,3,233,Low-Engagement
C0185,12,11,29818.93,3,2,3,323,Repeat
C0583,3,13,29761.9,4,3,3,433,High-Value
C0406,30,15,29663.1,2,3,3,233,Low-Engagement
C0817,9,14,29644.79,3,3,3,333,High-Value
C0599,30,10,29580.4,2,2,3,223,Low-Engagement
C0417,20,12,29336.36,3,3,3,333,High-Value
C0871,89,11,29299.06,1,2,3,123,Low-Engagement
C0788,2,11,28964.6,4,2,3,423,Repeat
C0064,5,10,28962.25,4,2,3,423,Repeat
C1147,16,16,28895.23,3,4,3,343,High-Value
C1000,23,11,28646.28,2,2,3,223,Low-Engagement
C0412,71,15,28609.48,1,3,3,133,Low-Engagement
C0402,41,14,28597.75,2,3,3,233,Low-Engagement
C1102,6,15,28363.04,4,3,3,433,High-Value
C0675,8,9,28286.95,3,2,3,323,Repeat
C0479,1,14,28264.96,4,3,3,433,High-Value
C1099,4,15,28187.17,4,3,3,433,High-Value
C1027,11,15,28082.56,3,3,3,333,High-Value
C0161,58,8,28044.7,1,2,3,123,Low-Engagement
C1064,7,8,27547.53,4,2,3,423,Repeat
C0493,6,8,27526.0,4,2,3,423,Repeat
C0912,68,8,27438.42,1,2,3,123,Low-Engagement
C0380,13,7,27421.56,3,1,3,313,Low-Engagement
C0607,43,10,27312.18,2,2,3,223,Low-Engagement
C0770,31,14,27284.44,2,3,3,233,Low-Engagement
C0616,31,15,27231.53,2,3,3,233,Low-Engagement
C0992,61,14,27157.85,1,3,3,133,Low-Engagement
C0317,23,8,27146.38,2,2,3,223,Low-Engagement
C0584,30,10,27020.0,2,2,3,223,Low-Engagement
C0035,6,15,26806.52,4,3,3,433,High-Value
C0107,3,12,26717.59,4,3,3,433,High-Value
C0784,9,9,26702.07,3,2,3,323,Repeat
C0500,92,15,26591.92,1,3,3,133,Low-Engagement
C0965,38,10,26578.81,2,2,3,223,Low-Engagement
C0632,45,14,26277.07,1,3,3,133,Low-Engagement
C0289,3,10,26093.31,4,2,3,423,Repeat
C0537,10,14,25889.81,3,3,3,333,High-Value
C0261,10,15,25822.85,3,3,3,333,High-Value
C0559,2,13,25789.61,4,3,3,433,High-Value
C0456,4,10,25788.71,4,2,3,423,Repeat
C0812,9,14,25739.24,3,3,3,333,High-Value
C1100,2,7,25483.15,4,1,3,413,Low-Engagement
C1132,11,13,25402.26,3,3,3,333,High-Value
C1007,48,16,25396.7,1,4,3,143,Low-Engagement
C0250,6,13,25340.52,4,3,3,433,High-Value
C1134,16,9,25337.71,3,2,3,323,Repeat
C0606,54,9,25253.23,1,2,3,123,Low-Engagement
C0445,122,14,25204.22,1,3,3,133,Low-Engagement
C0955,79,7,25074.46,1,1,3,113,Low-Engagement
C0853,0,8,24974.7,4,2,3,423,Repeat
C1121,7,14,24966.57,4,3,3,433,High-Value
C0488,3,7,24793.47,4,1,3,413,Low-Engagement
C1028,67,13,24757.92,1,3,3,133,Low-Engagement
C1076,40,9,24711.96,2,2,3,223,Low-Engagement
C1084,10,15,24487.25,3,3,3,333,High-Value
C0821,38,12,24430.22,2,3,3,233,Low-Engagement
C0524,9,13,24336.25,3,3,3,333,High-Value
C1016,38,11,24319.53,2,2,3,223,Low-Engagement
C1079,13,10,24128.21,3,2,3,323,Repeat
C0574,13,14,24125.37,3,3,3,333,High-Value
C0446,23,12,23991.74,2,3,3,233,Low-Engagement
C0882,3,13,23900.78,4,3,3,433,High-Value
C1022,2,8,23831.7,4,2,3,423,Repeat
C0856,22,6,23765.37,2,1,3,213,Low-Engagement
C0995,17,10,23727.73,3,2,3,323,Repeat
C0253,90,9,23711.83,1,2,3,123,Low-Engagement
C0657,13,9,23555.46,3,2,3,323,Repeat
C0167,36,8,23514.76,2,2,3,223,Low-Engagement
C0009,80,13,23467.51,1,3,3,133,Low-Engagement
C1197,41,12,23437.92,2,3,3,233,Low-Engagement
C0532,3,12,23367.46,4,3,3,433,High-Value
C0552,78,13,23318.04,1,3,3,133,Low-Engagement
C0277,3,11,23282.83,4,2,3,423,Repeat
C0051,77,15,23274.22,1,3,3,133,Low-Engagement
C0220,19,13,23262.54,3,3,3,333,High-Value
C0309,38,14,23248.91,2,3,3,233,Low-Engagement
C0076,10,14,23184.12,3,3,2,332,Repeat
C0892,43,12,23110.24,2,3,2,232,Low-Engagement
C0786,21,13,23039.16,2,3,2,232,Low-Engagement
C0760,48,15,23035.29,1,3,2,132,Low-Engagement
C1140,9,12,22916.87,3,3,2,332,Repeat
C0068,14,13,22914.37,3,3,2,332,Repeat
C0703,41,7,22867.51,2,1,2,212,At-Risk
C0150,43,10,22742.14,2,2,2,222,At-Risk
C0594,22,9,22643.01,2,2,2,222,At-Risk
C0467,0,9,22607.84,4,2,2,422,Repeat
C0020,51,8,22584.14,1,2,2,122,At-Risk
C0870,98,12,22566.29,1,3,2,132,Low-Engagement
C0888,27,10,22478.97,2,2,2,222,At-Risk
C0752,51,11,22432.94,1,2,2,122,At-Risk
C1081,47,12,22350.44,1,3,2,132,Low-Engagement
C1163,1,8,22287.57,4,2,2,422,Repeat
C0896,29,8,22263.48,2,2,2,222,At-Risk
C0127,62,13,22226.45,1,3,2,132,Low-Engagement
C0060,15,10,22106.05,3,2,2,322,Repeat
C1045,114,12,22028.6,1,3,2,132,Low-Engagement
C0567,24,7,21974.08,2,1,2,212,At-Risk
C0466,33,8,21883.24,2,2,2,222,At-Risk
C1139,7,8,21882.03,4,2,2,422,Repeat
C0775,28,15,21800.93,2,3,2,232,Low-Engagement
C1186,52,12,21681.84,1,3,2,132,Low-Engagement
C1152,46,10,21550.54,1,2,2,122,At-Risk
C0674,12,12,21480.15,3,3,2,332,Repeat
C1161,65,10,21460.09,1,2,2,122,At-Risk
C0482,18,13,21417.77,3,3,2,332,Repeat
C0157,20,11,21388.04,3,2,2,322,Repeat
C1077,17,9,21360.69,3,2,2,322,Repeat
C0800,4,11,21323.56,4,2,2,422,Repeat
C0229,28,14,21244.53,2,3,2,232,Low-Engagement
C0967,19,12,21202.44,3,3,2,332,Repeat
C0636,17,10,21200.45,3,2,2,322,Repeat
C0332,99,12,21185.16,1,3,2,132,Low-Engagement
C0726,108,11,21184.94,1,2,2,122,At-Risk
C1044,2,12,21170.25,4,3,2,432,Repeat
C0990,102,11,21065.19,1,2,2,122,At-Risk
C0396,6,10,20862.24,4,2,2,422,Repeat
C0391,9,11,20777.97,3,2,2,322,Repeat
C1124,27,11,20776.59,2,2,2,222,At-Risk
C0646,68,10,20768.49,1,2,2,122,At-Risk
C0569,93,10,20723.93,1,2,2,122,At-Risk
C1173,53,13,20692.04,1,3,2,132,Low-Engagement
C0596,25,8,20671.44,2,2,2,222,At-Risk
C1115,4,10,20656.86,4,2,2,422,Repeat
C1142,13,7,20643.15,3,1,2,312,Low-Engagement
C0151,44,11,20575.61,1,2,2,122,At-Risk
C0282,17,10,20552.19,3,2,2,322,Repeat
C1154,0,12,20497.44,4,3,2,432,Repeat
C0215,18,12,20495.35,3,3,2,332,Repeat
C0708,16,13,20440.56,3,3,2,332,Repeat
C0504,95,11,20332.87,1,3,2,132,Low-Engagement
C0002,81,9,20326.71,1,2,2,122,At-Risk
C1061,65,8,20320.3,1,2,2,122,At-Risk
C0246,41,10,20316.11,2,2,2,222,At-Risk
C0934,1,10,20295.27,4,2,2,422,Repeat
C0345,28,8,20251.42,2,2,2,222,At-Risk
C0063,21,14,20245.45,2,3,2,232,Low-Engagement
C0074,25,10,20179.4,2,2,2,222,At-Risk
C0483,13,7,20078.35,3,1,2,312,Low-Engagement
C0097,131,11,20047.03,1,3,2,132,Low-Engagement
C1013,23,9,20043.76,2,2,2,222,At-Risk
C0404,25,9,20023.94,2,2,2,222,At-Risk
C1103,162,9,19935.12,1,2,2,122,At-Risk
C0576,2,13,19913.48,4,3,2,432,Repeat
C0804,2,12,19877.65,4,3,2,432,Repeat
C1024,27,9,19849.13,2,2,2,222,At-Risk
C0578,45,11,19827.45,1,3,2,132,Low-Engagement
C0497,24,11,19790.06,2,3,2,232,Low-Engagement
C0933,131,10,19789.38,1,2,2,122,At-Risk
C0957,13,12,19746.65,3,3,2,332,Repeat
C0662,93,10,19721.39,1,2,2,122,At-Risk
C0749,3,13,19686.46,4,3,2,432,Repeat
C1189,19,8,19680.91,3,2,2,322,Repeat
C0192,155,10,19676.21,1,2,2,122,At-Risk
C0561,18,12,19469.56,3,3,2,332,Repeat
C1051,34,10,19465.27,2,2,2,222,At-Risk
C0314,13,7,19463.0,3,1,2,312,Low-Engagement
C1111,5,9,19452.36,4,2,2,422,Repeat
C0122,14,8,19325.4,3,2,2,322,Repeat
C0744,131,9,19249.61,1,2,2,122,At-Risk
C0550,0,12,19207.85,4,3,2,432,Repeat
C0846,108,8,19155.08,1,2,2,122,At-Risk
C0476,32,11,18987.04,2,3,2,232,Low-Engagement
C0554,2,12,18949.18,4,3,2,432,Repeat
C0054,5,11,18927.73,4,3,2,432,Repeat
C1036,109,12,18870.69,1,3,2,132,Low-Engagement
C0390,11,11,18851.31,3,3,2,332,Repeat
C0971,14,12,18846.77,3,3,2,332,Repeat
C0347,80,12,18830.4,1,3,2,132,Low-Engagement
C0644,1,6,18788.07,4,1,2,412,Low-Engagement
C1053,50,8,18708.77,1,2,2,122,At-Risk
C1159,112,8,18707.85,1,2,2,122,At-Risk
C0932,33,7,18687.75,2,1,2,212,At-Risk
C0848,1,13,18533.8,4,3,2,432,Repeat
C0105,48,8,18512.26,1,2,2,122,At-Risk
C0595,4,12,18471.22,4,3,2,432,Repeat
C0264,9,8,18394.39,3,2,2,322,Repeat
C0117,42,10,18390.83,2,2,2,222,At-Risk
C0774,15,9,18367.83,3,2,2,322,Repeat
C0518,14,9,18364.08,3,2,2,322,Repeat
C0307,19,11,18352.43,3,3,2,332,Repeat
C0582,24,9,18228.28,2,2,2,222,At-Risk
C0536,111,9,18224.65,1,2,2,122,At-Risk
C0113,5,11,18216.65,4,3,2,432,Repeat
C0213,9,9,18181.04,3,2,2,322,Repeat
C0809,23,6,18100.44,2,1,2,212,At-Risk
C0453,26,5,18032.67,2,1,2,212,At-Risk
C1098,7,8,18017.98,4,2,2,422,Repeat
C1080,6,12,17998.14,4,3,2,432,Repeat
C0783,73,7,17825.0,1,1,2,112,At-Risk
C1085,5,11,17819.07,4,3,2,432,Repeat
C1187,57,12,17805.64,1,3,2,132,Low-Engagement
C0799,5,11,17798.34,4,3,2,432,Repeat
C1055,77,8,17780.95,1,2,2,122,At-Risk
C1192,74,10,17773.53,1,2,2,122,At-Risk
C0533,34,9,17753.64,2,2,2,222,At-Risk
C0778,96,9,17741.88,1,2,2,122,At-Risk
C0468,37,10,17723.33,2,2,2,222,At-Risk
C1033,58,7,17722.49,1,1,2,112,At-Risk
C0465,21,11,17706.93,2,3,2,232,Low-Engagement
C1057,43,8,17700.75,2,2,2,222,At-Risk
C0154,110,7,17699.55,1,1,2,112,At-Risk
C1123,24,9,17688.73,2,2,2,222,At-Risk
C0895,4,9,17655.21,4,2,2,422,Repeat
C0941,99,9,17642.91,1,2,2,122,At-Risk
C0352,162,11,17637.98,1,3,2,132,Low-Engagement
C0288,28,9,17632.28,2,2,2,222,At-Risk
C0409,25,9,17600.55,2,2,2,222,At-Risk
C0452,53,10,17569.99,1,2,2,122,At-Risk
C0230,19,11,17567.34,3,3,2,332,Repeat
C0328,22,12,17553.91,2,3,2,232,Low-Engagement
C0772,6,8,17551.5,4,2,2,422,Repeat
C1094,39,13,17516.56,2,3,2,232,Low-Engagement
C1149,79,11,17413.13,1,3,2,132,Low-Engagement
C0861,0,11,17359.17,4,3,2,432,Repeat
C0299,23,12,17342.22,2,3,2,232,Low-Engagement
C1109,48,9,17319.65,1,2,2,122,At-Risk
C0938,50,9,17304.68,1,2,2,122,At-Risk
C1148,15,10,17296.81,3,2,2,322,Repeat
C0055,17,8,17283.79,3,2,2,322,Repeat
C1063,12,12,17275.6,3,3,2,332,Repeat
C0273,94,10,17264.91,1,2,2,122,At-Risk
C1122,97,9,17258.69,1,2,2,122,At-Risk
C0781,114,10,17222.36,1,2,2,122,At-Risk
C0160,57,10,17178.38,1,2,2,122,At-Risk
C0155,163,8,17148.27,1,2,2,122,At-Risk
C0877,8,9,17147.18,3,2,2,322,Repeat
C0012,33,10,17102.42,2,2,2,222,At-Risk
C1012,70,8,17031.19,1,2,2,122,At-Risk
C0175,18,10,16959.67,3,2,2,322,Repeat
C0094,62,8,16895.78,1,2,2,122,At-Risk
C0048,10,12,16806.22,3,3,2,332,Repeat
C0184,46,9,16773.81,1,2,2,122,At-Risk
C0121,31,9,16755.08,2,2,2,222,At-Risk
C0070,5,7,16709.07,4,1,2,412,Low-Engagement
C0382,36,8,16665.43,2,2,2,222,At-Risk
C0337,44,10,16630.62,1,2,2,122,At-Risk
C1150,66,6,16628.75,1,1,2,112,At-Risk
C0077,6,12,16622.87,4,3,2,432,Repeat
C0613,30,10,16619.46,2,2,2,222,At-Risk
C0093,74,10,16599.8,1,2,2,122,At-Risk
C1176,6,10,16595.69,4,2,2,422,Repeat
C1125,21,10,16580.6,2,2,2,222,At-Risk
C0633,33,11,16526.25,2,3,2,232,Low-Engagement
C1184,45,9,16490.59,1,2,2,122,At-Risk
C1091,9,8,16425.38,3,2,2,322,Repeat
C0428,3,9,16388.33,4,2,2,422,Repeat
C0486,49,9,16320.87,1,2,2,122,At-Risk
C0615,118,8,16288.36,1,2,2,122,At-Risk
C0768,19,8,16266.27,3,2,2,322,Repeat
C0438,92,7,16251.7,1,1,2,112,At-Risk
C0008,194,8,16204.23,1,2,2,122,At-Risk
C1041,3,9,16203.93,4,2,2,422,Repeat
C0036,10,9,16142.59,3,2,2,322,Repeat
C0757,31,9,16104.74,2,2,2,222,At-Risk
C0294,17,5,16088.5,3,1,2,312,Low-Engagement
C0115,18,9,16040.54,3,2,2,322,Repeat
C0305,18,11,16025.91,3,3,2,332,Repeat
C0718,132,8,15964.17,1,2,2,122,At-Risk
C0815,35,8,15911.2,2,2,2,222,At-Risk
C0592,23,7,15910.13,2,1,2,212,At-Risk
C0330,60,5,15882.77,1,1,2,112,At-Risk
C0365,59,8,15811.0,1,2,2,122,At-Risk
C0798,6,9,15785.78,4,2,2,422,Repeat
C0987,85,9,15715.34,1,2,2,122,At-Risk
C0663,2,8,15623.39,4,2,2,422,Repeat
C0420,5,8,15577.72,4,2,2,422,Repeat
C1087,5,7,15572.44,4,1,2,412,Low-Engagement
C0610,33,9,15548.08,2,2,2,222,At-Risk
C0918,21,8,15528.49,2,2,2,222,At-Risk
C0544,2,9,15509.24,4,2,2,422,Repeat
C1141,50,9,15470.24,1,2,2,122,At-Risk
C0364,40,9,15468.5,2,2,2,222,At-Risk
C0385,4,8,15442.27,4,2,2,422,Repeat
C1135,8,13,15409.92,3,3,2,332,Repeat
C0447,258,10,15361.23,1,2,2,122,At-Risk
C0386,63,9,15342.49,1,2,2,122,At-Risk
C0693,13,11,15332.3,3,3,2,332,Repeat
C0198,106,7,15331.17,1,1,2,112,At-Risk
C0358,29,9,15327.15,2,2,2,222,At-Risk
C0367,18,8,15309.36,3,2,2,322,Repeat
C0982,30,8,15284.83,2,2,2,222,At-Risk
C0102,30,8,15230.14,2,2,2,222,At-Risk
C0842,48,9,15196.5,1,2,2,122,At-Risk
C0208,39,7,15153.1,2,1,2,212,At-Risk
C0490,100,9,15064.74,1,2,2,122,At-Risk
C0383,39,8,15024.89,2,2,2,222,At-Risk
C0082,26,10,15007.07,2,2,2,222,At-Risk
C0759,36,9,14992.12,2,2,2,222,At-Risk
C0325,0,7,14941.47,4,1,2,412,Low-Engagement
C0519,22,8,14917.33,2,2,2,222,At-Risk
C0066,4,7,14916.5,4,1,2,412,Low-Engagement
C0566,23,9,14877.03,2,2,2,222,At-Risk
C0021,130,10,14859.87,1,2,2,122,At-Risk
C0241,38,7,14851.62,2,1,2,212,At-Risk
C0394,18,7,14851.49,3,1,2,312,Low-Engagement
C0780,70,10,14733.98,1,2,2,122,At-Risk
C0419,97,11,14681.64,1,3,2,132,Low-Engagement
C0231,101,8,14663.89,1,2,2,122,At-Risk
C0104,28,9,14656.62,2,2,2,222,At-Risk
C0672,38,9,14621.34,2,2,2,222,At-Risk
C1019,17,8,14620.73,3,2,2,322,Repeat
C0075,28,10,14617.62,2,2,2,222,At-Risk
C0433,3,10,14600.99,4,2,2,422,Repeat
C0056,139,8,14590.49,1,2,2,122,At-Risk
C0186,8,7,14564.26,3,1,2,312,Low-Engagement
C1075,46,8,14520.7,1,2,2,122,At-Risk
C0141,104,9,14467.56,1,2,2,122,At-Risk
C0701,154,7,14447.81,1,1,2,112,At-Risk
C0492,37,9,14406.37,2,2,2,222,At-Risk
C0163,13,9,14366.59,3,2,2,322,Repeat
C0628,128,9,14363.46,1,2,2,122,At-Risk
C0954,70,9,14344.33,1,2,2,122,At-Risk
C0170,33,8,14303.13,2,2,2,222,At-Risk
C1008,20,8,14277.12,3,2,2,322,Repeat
C1002,21,8,14274.66,2,2,2,222,At-Risk
C0997,5,9,14272.08,4,2,2,422,Repeat
C0470,51,7,14268.75,1,1,2,112,At-Risk
C0389,49,7,14261.54,1,1,2,112,At-Risk
C0262,28,10,14179.99,2,2,2,222,At-Risk
C0379,7,7,14176.77,4,1,2,412,Low-Engagement
C0949,4,8,14175.02,4,2,2,422,Repeat
C1104,19,9,14169.32,3,2,2,322,Repeat
C0794,1,8,14162.73,4,2,2,422,Repeat
C1092,25,8,14144.27,2,2,2,222,At-Risk
C1198,57,7,14103.1,1,1,2,112,At-Risk
C0356,122,7,14101.46,1,1,2,112,At-Risk
C1126,10,7,14099.9,3,1,2,312,Low-Engagement
C0921,55,9,14057.33,1,2,2,122,At-Risk
C0943,6,8,14049.25,4,2,2,422,Repeat
C0422,31,7,14038.91,2,1,2,212,At-Risk
C0274,44,6,13960.3,1,1,2,112,At-Risk
C0792,24,7,13929.81,2,1,2,212,At-Risk
C0647,66,10,13878.96,1,2,2,122,At-Risk
C0969,36,9,13755.93,2,2,2,222,At-Risk
C0138,42,9,13721.16,2,2,2,222,At-Risk
C0885,26,11,13657.47,2,3,2,232,Low-Engagement
C0205,10,8,13627.78,3,2,2,322,Repeat
C0362,22,8,13606.0,2,2,2,222,At-Risk
C0259,35,8,13574.88,2,2,2,222,At-Risk
C1194,6,8,13568.31,4,2,2,422,Repeat
C0475,42,8,13567.39,2,2,2,222,At-Risk
C0534,45,8,13551.82,1,2,2,122,At-Risk
C0793,123,7,13508.84,1,1,2,112,At-Risk
C0859,0,9,13475.69,4,2,2,422,Repeat
C0929,21,9,13428.86,2,2,2,222,At-Risk
C0706,18,8,13425.79,3,2,2,322,Repeat
C0609,24,9,13412.42,2,2,2,222,At-Risk
C1155,10,8,13397.81,3,2,2,322,Repeat
C1003,104,6,13362.84,1,1,2,112,At-Risk
C1114,66,9,13316.85,1,2,2,122,At-Risk
C0942,81,8,13299.57,1,2,2,122,At-Risk
C1025,53,7,13274.87,1,1,2,112,At-Risk
C0315,19,8,13255.8,3,2,2,322,Repeat
C0732,15,10,13253.28,3,2,2,322,Repeat
C0158,103,7,13247.26,1,1,2,112,At-Risk
C0572,3,8,13238.68,4,2,2,422,Repeat
C1167,44,9,13233.51,1,2,2,122,At-Risk
C1164,90,8,13211.89,1,2,2,122,At-Risk
C1006,46,8,13177.51,1,2,2,122,At-Risk
C0728,41,7,13125.93,2,1,2,212,At-Risk
C0413,27,7,13115.43,2,1,2,212,At-Risk
C0285,6,7,13100.2,4,1,2,412,Low-Engagement
C0242,23,9,13099.36,2,2,2,222,At-Risk
C0530,69,6,13094.25,1,1,2,112,At-Risk
C1030,71,9,12986.81,1,2,2,122,At-Risk
C0232,11,7,12935.72,3,1,2,312,Low-Engagement
C0166,67,6,12924.83,1,1,2,112,At-Risk
C0353,4,8,12914.21,4,2,2,422,Repeat
C1137,6,6,12888.68,4,1,2,412,Low-Engagement
C0481,14,9,12887.68,3,2,2,322,Repeat
C0560,16,7,12877.4,3,1,2,312,Low-Engagement
C0625,78,7,12850.89,1,1,2,112,At-Risk
C0866,19,8,12808.75,3,2,2,322,Repeat
C0397,111,6,12784.76,1,1,2,112,At-Risk
C0513,79,9,12771.76,1,2,2,122,At-Risk
C0826,34,6,12767.18,2,1,2,212,At-Risk
C0046,16,8,12750.76,3,2,1,321,Repeat
C1078,34,9,12715.71,2,2,1,221,At-Risk
C0088,72,6,12703.93,1,1,1,111,At-Risk
C0472,134,6,12703.29,1,1,1,111,At-Risk
C0839,10,8,12690.74,3,2,1,321,Repeat
C0338,58,7,12665.33,1,1,1,111,At-Risk
C0825,40,8,12653.15,2,2,1,221,At-Risk
C0904,2,8,12638.42,4,2,1,421,Repeat
C0026,61,6,12636.35,1,1,1,111,At-Risk
C0501,46,6,12624.72,1,1,1,111,At-Risk
C0004,47,8,12621.61,1,2,1,121,At-Risk
C0003,4,8,12606.88,4,2,1,421,Repeat
C0940,21,8,12602.16,2,2,1,221,At-Risk
C0201,24,9,12567.6,2,2,1,221,At-Risk
C0248,37,8,12567.56,2,2,1,221,At-Risk
C1032,23,8,12559.87,2,2,1,221,At-Risk
C0368,22,7,12543.92,2,1,1,211,At-Risk
C1179,17,7,12524.57,3,1,1,311,Low-Engagement
C0911,0,9,12470.96,4,2,1,421,Repeat
C1038,7,9,12450.52,4,2,1,421,Repeat
C0696,99,7,12446.74,1,1,1,111,At-Risk
C1049,11,7,12433.47,3,1,1,311,Low-Engagement
C0147,51,9,12422.28,1,2,1,121,At-Risk
C0850,10,6,12414.06,3,1,1,311,Low-Engagement
C0013,66,8,12396.78,1,2,1,121,At-Risk
C0257,21,7,12391.65,2,1,1,211,At-Risk
C0140,31,7,12389.19,2,1,1,211,At-Risk
C0049,129,6,12378.49,1,1,1,111,At-Risk
C0712,46,8,12348.72,1,2,1,121,At-Risk
C0869,46,7,12346.46,1,1,1,111,At-Risk
C1004,16,7,12304.58,3,1,1,311,Low-Engagement
C0808,20,7,12299.88,3,1,1,311,Low-Engagement
C0081,56,7,12283.14,1,1,1,111,At-Risk
C1177,23,8,12231.13,2,2,1,221,At-Risk
C0322,23,8,12200.85,2,2,1,221,At-Risk
C0222,36,7,12193.24,2,1,1,211,At-Risk
C1021,49,8,12132.16,1,2,1,121,At-Risk
C0034,40,7,12130.56,2,1,1,211,At-Risk
C1158,7,7,12106.43,4,1,1,411,Low-Engagement
C1190,135,9,12104.17,1,2,1,121,At-Risk
C0442,60,5,12063.18,1,1,1,111,At-Risk
C0327,12,8,12014.25,3,2,1,321,Repeat
C1153,13,7,12002.6,3,1,1,311,Low-Engagement
C0135,7,7,11981.18,4,1,1,411,Low-Engagement
C1146,46,8,11976.44,1,2,1,121,At-Risk
C0689,49,7,11975.27,1,1,1,111,At-Risk
C0685,89,9,11942.85,1,2,1,121,At-Risk
C0183,89,6,11929.72,1,1,1,111,At-Risk
C0631,0,7,11926.25,4,1,1,411,Low-Engagement
C1054,36,7,11902.58,2,1,1,211,At-Risk
C0179,62,6,11894.06,1,1,1,111,At-Risk
C0384,39,6,11886.03,2,1,1,211,At-Risk
C0507,39,6,11883.62,2,1,1,211,At-Risk
C0811,56,7,11858.0,1,1,1,111,At-Risk
C0218,1,8,11857.31,4,2,1,421,Repeat
C0881,210,6,11834.38,1,1,1,111,At-Risk
C0985,91,8,11809.16,1,2,1,121,At-Risk
C0233,33,7,11781.61,2,1,1,211,At-Risk
C0906,183,7,11760.96,1,1,1,111,At-Risk
C0293,120,4,11731.96,1,1,1,111,At-Risk
C0432,9,8,11707.75,3,2,1,321,Repeat
C0710,115,6,11693.55,1,1,1,111,At-Risk
C0279,0,8,11643.94,4,2,1,421,Repeat
C0271,29,6,11606.99,2,1,1,211,At-Risk
C0177,119,7,11561.57,1,1,1,111,At-Risk
C1105,128,6,11526.94,1,1,1,111,At-Risk
C0806,2,6,11501.15,4,1,1,411,Low-Engagement
C0717,48,7,11460.21,1,1,1,111,At-Risk
C0746,19,5,11386.2,3,1,1,311,Low-Engagement
C0962,37,6,11357.16,2,1,1,211,At-Risk
C1062,81,8,11340.23,1,2,1,121,At-Risk
C0816,65,6,11314.17,1,1,1,111,At-Risk
C0801,33,6,11307.7,2,1,1,211,At-Risk
C0660,20,8,11304.3,3,2,1,321,Repeat
C0637,17,7,11298.86,3,1,1,311,Low-Engagement
C0648,60,8,11276.63,1,2,1,121,At-Risk
C0725,72,6,11228.62,1,1,1,111,At-Risk
C0736,167,5,11218.75,1,1,1,111,At-Risk
C1175,2,7,11093.3,4,1,1,411,Low-Engagement
C1023,30,9,11038.42,2,2,1,221,At-Risk
C0887,104,7,11020.13,1,1,1,111,At-Risk
C0296,25,10,10978.26,2,2,1,221,At-Risk
C0924,30,5,10961.51,2,1,1,211,At-Risk
C0585,12,7,10925.28,3,1,1,311,Low-Engagement
C0743,13,9,10914.75,3,2,1,321,Repeat
C1108,16,4,10910.45,3,1,1,311,Low-Engagement
C1180,59,7,10889.44,1,1,1,111,At-Risk
C0972,104,8,10847.65,1,2,1,121,At-Risk
C0211,14,7,10734.77,3,1,1,311,Low-Engagement
C1144,37,7,10730.18,2,1,1,211,At-Risk
C0116,77,5,10717.79,1,1,1,111,At-Risk
C0351,8,10,10702.25,3,2,1,321,Repeat
C0212,22,6,10649.04,2,1,1,211,At-Risk
C0980,10,6,10611.25,3,1,1,311,Low-Engagement
C1046,10,8,10608.0,3,2,1,321,Repeat
C0766,66,6,10582.86,1,1,1,111,At-Risk
C0249,123,5,10571.78,1,1,1,111,At-Risk
C0654,48,6,10561.06,1,1,1,111,At-Risk
C0748,43,8,10532.77,2,2,1,221,At-Risk
C0031,63,6,10513.84,1,1,1,111,At-Risk
C0454,106,6,10504.0,1,1,1,111,At-Risk
C0137,52,7,10445.9,1,1,1,111,At-Risk
C0548,64,7,10444.79,1,1,1,111,At-Risk
C0400,13,7,10411.51,3,1,1,311,Low-Engagement
C0326,37,6,10403.95,2,1,1,211,At-Risk
C0764,134,7,10358.18,1,1,1,111,At-Risk
C0898,75,6,10351.36,1,1,1,111,At-Risk
C0891,32,5,10348.6,2,1,1,211,At-Risk
C1196,106,4,10281.92,1,1,1,111,At-Risk
C0597,2,8,10278.99,4,2,1,421,Repeat
C0304,67,6,10253.81,1,1,1,111,At-Risk
C0359,76,6,10212.65,1,1,1,111,At-Risk
C1156,8,6,10184.08,3,1,1,311,Low-Engagement
C0306,31,7,10177.95,2,1,1,211,At-Risk
C0266,99,6,10162.54,1,1,1,111,At-Risk
C0071,14,8,10159.73,3,2,1,321,Repeat
C0835,17,7,10153.61,3,1,1,311,Low-Engagement
C0485,29,7,10111.41,2,1,1,211,At-Risk
C1015,60,5,10103.08,1,1,1,111,At-Risk
C1199,63,6,10087.24,1,1,1,111,At-Risk
C0508,55,4,10081.69,1,1,1,111,At-Risk
C0302,5,7,10056.3,4,1,1,411,Low-Engagement
C0863,92,6,10042.95,1,1,1,111,At-Risk
C0893,222,5,10038.98,1,1,1,111,At-Risk
C0852,15,7,10000.65,3,1,1,311,Low-Engagement
C0272,106,7,9963.11,1,1,1,111,At-Risk
C0807,105,5,9961.8,1,1,1,111,At-Risk
C0679,48,7,9959.1,1,1,1,111,At-Risk
C0221,6,6,9950.48,4,1,1,411,Low-Engagement
C0521,13,6,9866.84,3,1,1,311,Low-Engagement
C0553,7,5,9856.46,4,1,1,411,Low-Engagement
C0092,25,7,9844.82,2,1,1,211,At-Risk
C0346,15,5,9827.31,3,1,1,311,Low-Engagement
C0523,69,6,9815.5,1,1,1,111,At-Risk
C0189,133,6,9776.33,1,1,1,111,At-Risk
C1183,26,7,9764.52,2,1,1,211,At-Risk
C0087,4,5,9764.34,4,1,1,411,Low-Engagement
C0421,58,6,9763.42,1,1,1,111,At-Risk
C0782,33,6,9759.29,2,1,1,211,At-Risk
C0278,54,5,9757.87,1,1,1,111,At-Risk
C0414,0,6,9711.3,4,1,1,411,Low-Engagement
C0973,1,6,9704.71,4,1,1,411,Low-Engagement
C0549,21,4,9703.29,2,1,1,211,At-Risk
C0649,35,8,9700.43,2,2,1,221,At-Risk
C0779,158,5,9687.0,1,1,1,111,At-Risk
C0680,91,5,9654.12,1,1,1,111,At-Risk
C0219,49,6,9620.25,1,1,1,111,At-Risk
C0489,116,5,9563.41,1,1,1,111,At-Risk
C0951,25,5,9550.72,2,1,1,211,At-Risk
C0999,26,6,9461.92,2,1,1,211,At-Risk
C0653,25,6,9453.49,2,1,1,211,At-Risk
C0734,39,6,9439.37,2,1,1,211,At-Risk
C0089,98,7,9379.25,1,2,1,121,At-Risk
C0948,76,7,9351.5,1,2,1,121,At-Risk
C0829,59,6,9349.11,1,1,1,111,At-Risk
C0028,31,6,9343.38,2,1,1,211,At-Risk
C0360,94,5,9331.91,1,1,1,111,At-Risk
C0721,19,5,9327.6,3,1,1,311,Low-Engagement
C0448,38,8,9319.85,2,2,1,221,At-Risk
C0478,25,7,9317.11,2,2,1,221,At-Risk
C0944,78,4,9296.9,1,1,1,111,At-Risk
C0753,34,6,9267.08,2,1,1,211,At-Risk
C0913,42,5,9236.36,2,1,1,211,At-Risk
C0265,125,6,9185.82,1,1,1,111,At-Risk
C0162,119,6,9148.47,1,1,1,111,At-Risk
C1118,93,5,9140.29,1,1,1,111,At-Risk
C0281,44,5,9130.05,1,1,1,111,At-Risk
C0323,116,6,9128.43,1,1,1,111,At-Risk
C1151,50,6,9086.26,1,1,1,111,At-Risk
C0681,16,4,9081.93,3,1,1,311,Low-Engagement
C1005,15,6,8980.06,3,1,1,311,Low-Engagement
C0840,5,5,8952.04,4,1,1,411,Low-Engagement
C0439,26,4,8947.99,2,1,1,211,At-Risk
C1166,20,4,8936.59,3,1,1,311,Low-Engagement
C0756,127,6,8932.45,1,1,1,111,At-Risk
C0720,21,5,8883.64,2,1,1,211,At-Risk
C0029,24,6,8873.47,2,1,1,211,At-Risk
C0814,4,6,8828.67,4,1,1,411,Low-Engagement
C0797,125,6,8817.19,1,1,1,111,At-Risk
C0535,65,5,8719.92,1,1,1,111,At-Risk
C0276,134,6,8715.91,1,1,1,111,At-Risk
C1143,8,7,8610.98,3,2,1,321,Repeat
C0256,24,6,8603.37,2,1,1,211,At-Risk
C0659,80,5,8589.92,1,1,1,111,At-Risk
C0239,52,8,8549.24,1,2,1,121,At-Risk
C0873,238,5,8445.28,1,1,1,111,At-Risk
C0436,13,6,8413.49,3,1,1,311,Low-Engagement
C0923,17,7,8378.66,3,2,1,321,Repeat
C0267,5,4,8372.01,4,1,1,411,Low-Engagement
C0977,6,7,8370.42,4,2,1,421,Repeat
C0514,71,7,8364.05,1,2,1,121,At-Risk
C0297,16,7,8332.71,3,2,1,321,Repeat
C0280,91,5,8322.56,1,1,1,111,At-Risk
C0854,54,5,8300.96,1,1,1,111,At-Risk
C0545,34,7,8272.86,2,2,1,221,At-Risk
C0541,19,6,8245.79,3,1,1,311,Low-Engagement
C0878,48,5,8180.77,1,1,1,111,At-Risk
C0199,36,5,8169.81,2,1,1,211,At-Risk
C0551,19,6,8166.74,3,1,1,311,Low-Engagement
C0571,63,8,8145.86,1,2,1,121,At-Risk
C0193,40,5,8104.7,2,1,1,211,At-Risk
C1060,57,5,8054.55,1,1,1,111,At-Risk
C0555,31,5,7896.82,2,1,1,211,At-Risk
C1042,52,5,7860.84,1,1,1,111,At-Risk
C0790,20,8,7789.6,3,2,1,321,Repeat
C0698,31,5,7622.47,2,1,1,211,At-Risk
C0849,141,7,7615.63,1,2,1,121,At-Risk
C0464,13,7,7601.14,3,2,1,321,Repeat
C1113,9,5,7589.4,3,1,1,311,Low-Engagement
C0484,92,4,7522.62,1,1,1,111,At-Risk
C1066,26,4,7454.23,2,1,1,211,At-Risk
C0733,14,5,7442.88,3,1,1,311,Low-Engagement
C0194,39,4,7432.58,2,1,1,211,At-Risk
C0462,77,6,7389.6,1,1,1,111,At-Risk
C0236,32,5,7351.57,2,1,1,211,At-Risk
C0399,54,5,7335.59,1,1,1,111,At-Risk
C0511,72,4,7309.58,1,1,1,111,At-Risk
C0711,102,5,7271.01,1,1,1,111,At-Risk
C0686,2,5,7255.55,4,1,1,411,Low-Engagement
C0502,50,4,7246.9,1,1,1,111,At-Risk
C0187,8,4,7075.34,3,1,1,311,Low-Engagement
C0952,108,5,7061.14,1,1,1,111,At-Risk
C0010,69,5,7055.68,1,1,1,111,At-Risk
C0258,108,4,7025.79,1,1,1,111,At-Risk
C0716,65,3,7013.19,1,1,1,111,At-Risk
C0130,24,5,6963.98,2,1,1,211,At-Risk
C0919,1,4,6954.77,4,1,1,411,Low-Engagement
C0268,32,5,6938.52,2,1,1,211,At-Risk
C0243,93,4,6902.29,1,1,1,111,At-Risk
C0575,26,5,6756.97,2,1,1,211,At-Risk
C0758,28,4,6736.5,2,1,1,211,At-Risk
C0474,106,3,6653.77,1,1,1,111,At-Risk
C0652,93,3,6651.33,1,1,1,111,At-Risk
C0620,27,4,6632.0,2,1,1,211,At-Risk
C0275,206,3,6544.95,1,1,1,111,At-Risk
C0451,54,7,6533.93,1,2,1,121,At-Risk
C0128,30,5,6514.19,2,1,1,211,At-Risk
C0684,86,5,6505.78,1,1,1,111,At-Risk
C0403,18,5,6498.08,3,1,1,311,Low-Engagement
C1168,64,4,6479.09,1,1,1,111,At-Risk
C0676,38,5,6443.04,2,1,1,211,At-Risk
C0171,87,6,6416.15,1,1,1,111,At-Risk
C0227,81,8,6407.94,1,2,1,121,At-Risk
C0510,82,4,6387.94,1,1,1,111,At-Risk
C0095,8,4,6363.89,3,1,1,311,Low-Engagement
C0803,40,6,6363.68,2,1,1,211,At-Risk
C0724,45,4,6344.64,1,1,1,111,At-Risk
C0321,34,3,6340.92,2,1,1,211,At-Risk
C0928,40,6,6309.45,2,1,1,211,At-Risk
C0767,145,4,6285.79,1,1,1,111,At-Risk
C1018,24,4,6261.5,2,1,1,211,At-Risk
C0018,20,5,6257.03,3,1,1,311,Low-Engagement
C0837,91,5,6238.12,1,1,1,111,At-Risk
C0505,83,4,6183.08,1,1,1,111,At-Risk
C0525,53,6,6159.12,1,1,1,111,At-Risk
C0188,180,6,6129.17,1,1,1,111,At-Risk
C0108,26,4,6074.99,2,1,1,211,At-Risk
C1181,15,5,6024.45,3,1,1,311,Low-Engagement
C0612,67,5,5971.74,1,1,1,111,At-Risk
C0687,93,5,5957.13,1,1,1,111,At-Risk
C1089,46,3,5848.11,1,1,1,111,At-Risk
C0960,139,2,5802.02,1,1,1,111,At-Risk
C0950,42,3,5776.46,2,1,1,211,At-Risk
C0316,94,5,5741.34,1,1,1,111,At-Risk
C1171,41,3,5714.81,2,1,1,211,At-Risk
C0463,21,6,5581.03,2,1,1,211,At-Risk
C0796,167,5,5576.17,1,1,1,111,At-Risk
C1172,136,5,5476.03,1,1,1,111,At-Risk
C0173,27,4,5413.11,2,1,1,211,At-Risk
C0991,223,5,5374.2,1,1,1,111,At-Risk
C0415,32,3,5349.07,2,1,1,211,At-Risk
C0426,59,5,5309.12,1,1,1,111,At-Risk
C0120,38,4,5258.7,2,1,1,211,At-Risk
C0303,263,3,5248.46,1,1,1,111,At-Risk
C0994,61,3,5216.09,1,1,1,111,At-Risk
C0738,56,2,5146.0,1,1,1,111,At-Risk
C0350,94,3,4725.08,1,1,1,111,At-Risk
C0052,23,4,4683.43,2,1,1,211,At-Risk
C0374,3,3,4581.9,4,1,1,411,Low-Engagement
C0164,12,4,4553.89,3,1,1,311,Low-Engagement
C0290,122,4,4434.06,1,1,1,111,At-Risk
C0844,28,3,4408.88,2,1,1,211,At-Risk
C0634,214,3,4367.16,1,1,1,111,At-Risk
C0148,28,5,4343.35,2,1,1,211,At-Risk
C0531,122,2,4325.36,1,1,1,111,At-Risk
C1093,89,3,3813.67,1,1,1,111,At-Risk
C1131,100,3,3758.08,1,1,1,111,At-Risk
C0750,55,2,3560.75,1,1,1,111,At-Risk
C0119,3,3,3508.46,4,1,1,411,Low-Engagement
C1116,246,2,3479.86,1,1,1,111,At-Risk
C0787,69,2,3376.02,1,1,1,111,At-Risk
C0499,254,3,3272.45,1,1,1,111,At-Risk
C1052,164,5,3078.7,1,1,1,111,At-Risk
C0200,78,4,2879.57,1,1,1,111,At-Risk
C0197,214,2,2664.38,1,1,1,111,At-Risk
C0039,231,1,2061.41,1,1,1,111,At-Risk
C0542,120,2,1809.71,1,1,1,111,At-Risk
C0480,107,1,1716.84,1,1,1,111,At-Risk
C0044,147,1,1631.35,1,1,1,111,At-Risk
C0915,38,3,1514.26,2,1,1,211,At-Risk
